[{"model": "admin.logentry", "pk": 1, "fields": {"action_time": "2024-03-10T18:11:05.512Z", "user": 1, "content_type": 12, "object_id": "3", "object_repr": "Order 3", "action_flag": 2, "change_message": "[{\"changed\": {\"fields\": [\"Is paid\"]}}]"}}, {"model": "admin.logentry", "pk": 2, "fields": {"action_time": "2024-03-10T18:11:05.564Z", "user": 1, "content_type": 12, "object_id": "5", "object_repr": "Order 5", "action_flag": 2, "change_message": "[{\"changed\": {\"fields\": [\"Is paid\"]}}]"}}, {"model": "auth.permission", "pk": 1, "fields": {"name": "Can add log entry", "content_type": 1, "codename": "add_logentry"}}, {"model": "auth.permission", "pk": 2, "fields": {"name": "Can change log entry", "content_type": 1, "codename": "change_logentry"}}, {"model": "auth.permission", "pk": 3, "fields": {"name": "Can delete log entry", "content_type": 1, "codename": "delete_logentry"}}, {"model": "auth.permission", "pk": 4, "fields": {"name": "Can view log entry", "content_type": 1, "codename": "view_logentry"}}, {"model": "auth.permission", "pk": 5, "fields": {"name": "Can add permission", "content_type": 2, "codename": "add_permission"}}, {"model": "auth.permission", "pk": 6, "fields": {"name": "Can change permission", "content_type": 2, "codename": "change_permission"}}, {"model": "auth.permission", "pk": 7, "fields": {"name": "Can delete permission", "content_type": 2, "codename": "delete_permission"}}, {"model": "auth.permission", "pk": 8, "fields": {"name": "Can view permission", "content_type": 2, "codename": "view_permission"}}, {"model": "auth.permission", "pk": 9, "fields": {"name": "Can add group", "content_type": 3, "codename": "add_group"}}, {"model": "auth.permission", "pk": 10, "fields": {"name": "Can change group", "content_type": 3, "codename": "change_group"}}, {"model": "auth.permission", "pk": 11, "fields": {"name": "Can delete group", "content_type": 3, "codename": "delete_group"}}, {"model": "auth.permission", "pk": 12, "fields": {"name": "Can view group", "content_type": 3, "codename": "view_group"}}, {"model": "auth.permission", "pk": 13, "fields": {"name": "Can add content type", "content_type": 4, "codename": "add_contenttype"}}, {"model": "auth.permission", "pk": 14, "fields": {"name": "Can change content type", "content_type": 4, "codename": "change_contenttype"}}, {"model": "auth.permission", "pk": 15, "fields": {"name": "Can delete content type", "content_type": 4, "codename": "delete_contenttype"}}, {"model": "auth.permission", "pk": 16, "fields": {"name": "Can view content type", "content_type": 4, "codename": "view_contenttype"}}, {"model": "auth.permission", "pk": 17, "fields": {"name": "Can add session", "content_type": 5, "codename": "add_session"}}, {"model": "auth.permission", "pk": 18, "fields": {"name": "Can change session", "content_type": 5, "codename": "change_session"}}, {"model": "auth.permission", "pk": 19, "fields": {"name": "Can delete session", "content_type": 5, "codename": "delete_session"}}, {"model": "auth.permission", "pk": 20, "fields": {"name": "Can view session", "content_type": 5, "codename": "view_session"}}, {"model": "auth.permission", "pk": 21, "fields": {"name": "Can add user", "content_type": 6, "codename": "add_client"}}, {"model": "auth.permission", "pk": 22, "fields": {"name": "Can change user", "content_type": 6, "codename": "change_client"}}, {"model": "auth.permission", "pk": 23, "fields": {"name": "Can delete user", "content_type": 6, "codename": "delete_client"}}, {"model": "auth.permission", "pk": 24, "fields": {"name": "Can view user", "content_type": 6, "codename": "view_client"}}, {"model": "auth.permission", "pk": 25, "fields": {"name": "Can add category", "content_type": 7, "codename": "add_category"}}, {"model": "auth.permission", "pk": 26, "fields": {"name": "Can change category", "content_type": 7, "codename": "change_category"}}, {"model": "auth.permission", "pk": 27, "fields": {"name": "Can delete category", "content_type": 7, "codename": "delete_category"}}, {"model": "auth.permission", "pk": 28, "fields": {"name": "Can view category", "content_type": 7, "codename": "view_category"}}, {"model": "auth.permission", "pk": 29, "fields": {"name": "Can add championship", "content_type": 8, "codename": "add_championship"}}, {"model": "auth.permission", "pk": 30, "fields": {"name": "Can change championship", "content_type": 8, "codename": "change_championship"}}, {"model": "auth.permission", "pk": 31, "fields": {"name": "Can delete championship", "content_type": 8, "codename": "delete_championship"}}, {"model": "auth.permission", "pk": 32, "fields": {"name": "Can view championship", "content_type": 8, "codename": "view_championship"}}, {"model": "auth.permission", "pk": 33, "fields": {"name": "Can add menu position", "content_type": 9, "codename": "add_menuposition"}}, {"model": "auth.permission", "pk": 34, "fields": {"name": "Can change menu position", "content_type": 9, "codename": "change_menuposition"}}, {"model": "auth.permission", "pk": 35, "fields": {"name": "Can delete menu position", "content_type": 9, "codename": "delete_menuposition"}}, {"model": "auth.permission", "pk": 36, "fields": {"name": "Can view menu position", "content_type": 9, "codename": "view_menuposition"}}, {"model": "auth.permission", "pk": 37, "fields": {"name": "Can add match", "content_type": 10, "codename": "add_match"}}, {"model": "auth.permission", "pk": 38, "fields": {"name": "Can change match", "content_type": 10, "codename": "change_match"}}, {"model": "auth.permission", "pk": 39, "fields": {"name": "Can delete match", "content_type": 10, "codename": "delete_match"}}, {"model": "auth.permission", "pk": 40, "fields": {"name": "Can view match", "content_type": 10, "codename": "view_match"}}, {"model": "auth.permission", "pk": 41, "fields": {"name": "Can add booked table", "content_type": 11, "codename": "add_bookedtable"}}, {"model": "auth.permission", "pk": 42, "fields": {"name": "Can change booked table", "content_type": 11, "codename": "change_bookedtable"}}, {"model": "auth.permission", "pk": 43, "fields": {"name": "Can delete booked table", "content_type": 11, "codename": "delete_bookedtable"}}, {"model": "auth.permission", "pk": 44, "fields": {"name": "Can view booked table", "content_type": 11, "codename": "view_bookedtable"}}, {"model": "auth.permission", "pk": 45, "fields": {"name": "Can add order", "content_type": 12, "codename": "add_order"}}, {"model": "auth.permission", "pk": 46, "fields": {"name": "Can change order", "content_type": 12, "codename": "change_order"}}, {"model": "auth.permission", "pk": 47, "fields": {"name": "Can delete order", "content_type": 12, "codename": "delete_order"}}, {"model": "auth.permission", "pk": 48, "fields": {"name": "Can view order", "content_type": 12, "codename": "view_order"}}, {"model": "auth.permission", "pk": 49, "fields": {"name": "Can add order item", "content_type": 13, "codename": "add_orderitem"}}, {"model": "auth.permission", "pk": 50, "fields": {"name": "Can change order item", "content_type": 13, "codename": "change_orderitem"}}, {"model": "auth.permission", "pk": 51, "fields": {"name": "Can delete order item", "content_type": 13, "codename": "delete_orderitem"}}, {"model": "auth.permission", "pk": 52, "fields": {"name": "Can view order item", "content_type": 13, "codename": "view_orderitem"}}, {"model": "contenttypes.contenttype", "pk": 1, "fields": {"app_label": "admin", "model": "logentry"}}, {"model": "contenttypes.contenttype", "pk": 2, "fields": {"app_label": "auth", "model": "permission"}}, {"model": "contenttypes.contenttype", "pk": 3, "fields": {"app_label": "auth", "model": "group"}}, {"model": "contenttypes.contenttype", "pk": 4, "fields": {"app_label": "contenttypes", "model": "contenttype"}}, {"model": "contenttypes.contenttype", "pk": 5, "fields": {"app_label": "sessions", "model": "session"}}, {"model": "contenttypes.contenttype", "pk": 6, "fields": {"app_label": "app_sportbar", "model": "client"}}, {"model": "contenttypes.contenttype", "pk": 7, "fields": {"app_label": "app_sportbar", "model": "category"}}, {"model": "contenttypes.contenttype", "pk": 8, "fields": {"app_label": "app_sportbar", "model": "championship"}}, {"model": "contenttypes.contenttype", "pk": 9, "fields": {"app_label": "app_sportbar", "model": "menuposition"}}, {"model": "contenttypes.contenttype", "pk": 10, "fields": {"app_label": "app_sportbar", "model": "match"}}, {"model": "contenttypes.contenttype", "pk": 11, "fields": {"app_label": "app_sportbar", "model": "bookedtable"}}, {"model": "contenttypes.contenttype", "pk": 12, "fields": {"app_label": "app_cart", "model": "order"}}, {"model": "contenttypes.contenttype", "pk": 13, "fields": {"app_label": "app_cart", "model": "orderitem"}}, {"model": "sessions.session", "pk": "i6uok0xhaxm0ftelbrctl85is72sfxu1", "fields": {"session_data": "eyJjYXJ0Ijp7IjExIjp7InF1YW50aXR5IjoxLCJwcmljZSI6IjYuNzgifX19:1rgOh1:V4wbMY-f4WwNBI88B4WtGdoqRl5lDKtrpdZbofjQN3Q", "expire_date": "2024-03-16T12:42:19.740Z"}}, {"model": "sessions.session", "pk": "n2s98s3mcqqe82j7bhw6960w5ribmjs9", "fields": {"session_data": ".eJxVjEEOwiAQAP_C2RCXpbB49O4byFIWWzWQlPZk_Ltp0oNeZybzVpG3dYpblyXOWV0UqNMvSzw-pe4iP7jemx5bXZc56T3Rh-361rK8rkf7N5i4T_tWUrCZkpMhF7CDA0YZziRIhYx1yWSSQEiAngqDdRwMMo7oPZgE6vMF2Uo3Hg:1rjNM7:zrTvLfTAV5ouSEe1XMPxJoRHwdBo0XVWSdUkPsI_500", "expire_date": "2024-03-24T17:53:03.747Z"}}, {"model": "app_sportbar.category", "pk": 1, "fields": {"title": "Beer", "image": "images/2024/02/17/beer.jpg", "description": "The Best  beer", "slug": "beer"}}, {"model": "app_sportbar.category", "pk": 2, "fields": {"title": "Pizzas", "image": "images/2024/02/17/pizza.jpg", "description": "The Best pizzas", "slug": "pizzas"}}, {"model": "app_sportbar.category", "pk": 3, "fields": {"title": "Burgers", "image": "images/2024/02/17/burger.jpg", "description": "The Best burgers", "slug": "burgers"}}, {"model": "app_sportbar.category", "pk": 4, "fields": {"title": "Desserts", "image": "images/2024/02/17/desserts.jpg", "description": "The Best desserts", "slug": "desserts"}}, {"model": "app_sportbar.category", "pk": 5, "fields": {"title": "Sandwiches", "image": "images/2024/02/17/sandwich.jpg", "description": "The Best sandwiches", "slug": "sandwiches"}}, {"model": "app_sportbar.category", "pk": 6, "fields": {"title": "Salads", "image": "images/2024/02/17/salad.jpg", "description": "The Best salads", "slug": "salads"}}, {"model": "app_sportbar.menuposition", "pk": 1, "fields": {"title": "Beer1", "description": "the first beer", "price": "7.00", "category": 1, "image": "images/2024/02/17/beer1.jpg", "slug": null}}, {"model": "app_sportbar.menuposition", "pk": 2, "fields": {"title": "Beer2", "description": "the second beer", "price": "7.02", "category": 1, "image": "images/2024/02/17/beer2.jpg", "slug": null}}, {"model": "app_sportbar.menuposition", "pk": 3, "fields": {"title": "Beer3", "description": "the third beer", "price": "7.05", "category": 1, "image": "images/2024/02/17/beer3.jpg", "slug": null}}, {"model": "app_sportbar.menuposition", "pk": 4, "fields": {"title": "Beer4", "description": "the fourth beer", "price": "7.07", "category": 1, "image": "images/2024/02/17/beer4.jpg", "slug": null}}, {"model": "app_sportbar.menuposition", "pk": 5, "fields": {"title": "Beer5", "description": "the fifth beer", "price": "7.12", "category": 1, "image": "images/2024/02/17/beer5_dUULfIb.jpg", "slug": null}}, {"model": "app_sportbar.menuposition", "pk": 6, "fields": {"title": "Beer6", "description": "the sixth beer", "price": "7.15", "category": 1, "image": "images/2024/02/17/beer6.jpg", "slug": null}}, {"model": "app_sportbar.menuposition", "pk": 7, "fields": {"title": "Burger1", "description": "the first burger", "price": "6.95", "category": 3, "image": "images/2024/02/17/burger1.jpg", "slug": null}}, {"model": "app_sportbar.menuposition", "pk": 8, "fields": {"title": "Burger2", "description": "the second burger", "price": "6.90", "category": 3, "image": "images/2024/02/17/burger2.jpg", "slug": null}}, {"model": "app_sportbar.menuposition", "pk": 9, "fields": {"title": "Burger3", "description": "the third burger", "price": "6.85", "category": 3, "image": "images/2024/02/17/burger3.jpg", "slug": null}}, {"model": "app_sportbar.menuposition", "pk": 10, "fields": {"title": "Pizza1", "description": "the first pizza", "price": "6.82", "category": 2, "image": "images/2024/02/17/pizza1.jpg", "slug": null}}, {"model": "app_sportbar.menuposition", "pk": 11, "fields": {"title": "Pizza2", "description": "the seecond pizza", "price": "6.78", "category": 2, "image": "images/2024/02/17/pizza2.jpg", "slug": null}}, {"model": "app_sportbar.menuposition", "pk": 12, "fields": {"title": "Pizza3", "description": "the third pizza", "price": "6.80", "category": 2, "image": "images/2024/02/17/pizza3.jpg", "slug": null}}, {"model": "app_sportbar.menuposition", "pk": 13, "fields": {"title": "Sandwich1", "description": "the first sandwich", "price": "3.76", "category": 5, "image": "images/2024/02/17/sandwich1.jpg", "slug": null}}, {"model": "app_sportbar.menuposition", "pk": 14, "fields": {"title": "Sandwich2", "description": "the second sandwich", "price": "3.74", "category": 5, "image": "images/2024/02/17/sandwich2.jpg", "slug": null}}, {"model": "app_sportbar.menuposition", "pk": 15, "fields": {"title": "Sandwich3", "description": "the third sandwich", "price": "3.72", "category": 5, "image": "images/2024/02/17/sandwich3.jpg", "slug": null}}, {"model": "app_sportbar.menuposition", "pk": 16, "fields": {"title": "Salad1", "description": "the first salad", "price": "4.76", "category": 6, "image": "images/2024/02/17/salad1.jpg", "slug": null}}, {"model": "app_sportbar.menuposition", "pk": 17, "fields": {"title": "Salad2", "description": "the second salad", "price": "4.74", "category": 6, "image": "images/2024/02/17/salad2.jpg", "slug": null}}, {"model": "app_sportbar.menuposition", "pk": 18, "fields": {"title": "Salad3", "description": "the thirdd salad", "price": "4.72", "category": 6, "image": "images/2024/02/17/salad3.jpg", "slug": null}}, {"model": "app_sportbar.menuposition", "pk": 19, "fields": {"title": "Dessert1", "description": "the first dessert", "price": "8.76", "category": 4, "image": "images/2024/02/17/pexels-abhinav-goswami-291528.jpg", "slug": null}}, {"model": "app_sportbar.menuposition", "pk": 20, "fields": {"title": "Dessert2", "description": "the second dessert", "price": "8.74", "category": 4, "image": "images/2024/02/17/pexels-jhon-marquez-2373520.jpg", "slug": null}}, {"model": "app_sportbar.menuposition", "pk": 21, "fields": {"title": "Dessert3", "description": "the third dessert", "price": "8.72", "category": 4, "image": "images/2024/02/17/pexels-marta-dzedyshko-2067396.jpg", "slug": null}}, {"model": "app_sportbar.menuposition", "pk": 22, "fields": {"title": "Dessert4", "description": "the fourth dessert", "price": "8.75", "category": 4, "image": "images/2024/02/17/pexels-suzy-hazelwood-1126359.jpg", "slug": null}}, {"model": "app_sportbar.match", "pk": 1, "fields": {"title": "Man United - Liverpool", "championship": 1, "event_date": "2024-02-04T19:30:00Z", "preview": "Exciting preview for Man United - Liverpool", "poster": "images/match_poster/2024/02/17/MU-Liverpool.jpeg"}}, {"model": "app_sportbar.match", "pk": 3, "fields": {"title": "Inter - Milan", "championship": 2, "event_date": "2024-02-05T19:30:00Z", "preview": "Exciting preview for Inter - Milan", "poster": "images/match_poster/2024/02/17/im.jpg"}}, {"model": "app_sportbar.match", "pk": 4, "fields": {"title": "Real M - Barcelona", "championship": 3, "event_date": "2024-02-06T19:30:00Z", "preview": "Exciting preview for Real M - Barcelona", "poster": "images/match_poster/2024/02/17/rb.jpg"}}, {"model": "app_sportbar.championship", "pk": 1, "fields": {"title": "EPL"}}, {"model": "app_sportbar.championship", "pk": 2, "fields": {"title": "Serie A"}}, {"model": "app_sportbar.championship", "pk": 3, "fields": {"title": "LaLiga"}}, {"model": "app_sportbar.client", "pk": 1, "fields": {"password": "pbkdf2_sha256$600000$KX1Q7r4c8AXEYVJXzpTr54$XALsZ9jezV0zYSsNXy9IhBjbAoqp5f3i/K/BB1leG58=", "last_login": "2024-03-10T17:53:03.648Z", "is_superuser": true, "username": "q", "first_name": "", "last_name": "", "email": "", "is_staff": true, "is_active": true, "date_joined": "2024-03-01T20:54:05.222Z", "avatar": "", "groups": [], "user_permissions": []}}, {"model": "app_sportbar.client", "pk": 2, "fields": {"password": "pbkdf2_sha256$600000$jvrC6pmIvNiADnvOMixdK4$B4OVuMw6dBFXkpP2E2upKcy1rr7bEv5V0Og/G3yJ+jk=", "last_login": "2024-03-10T14:36:39.948Z", "is_superuser": false, "username": "user6", "first_name": "", "last_name": "", "email": "", "is_staff": false, "is_active": true, "date_joined": "2024-03-10T13:59:32.142Z", "avatar": "images/avatars/2024/03/10/beer3.jpg", "groups": [], "user_permissions": []}}, {"model": "app_sportbar.bookedtable", "pk": 173, "fields": {"client": 1, "match": 3, "created_at": "2024-03-09T13:23:35.615Z", "updated_at": "2024-03-09T13:23:35.615Z", "phone": "0672339796"}}, {"model": "app_sportbar.bookedtable", "pk": 178, "fields": {"client": 2, "match": 3, "created_at": "2024-03-10T17:41:51.728Z", "updated_at": "2024-03-10T17:41:51.728Z", "phone": "0672339796"}}, {"model": "app_cart.order", "pk": 1, "fields": {"client": null, "phone": "1234567890", "address": "kjgh gh", "created_at": "2024-03-02T12:26:56.423Z", "deliver_by": "2024-03-13T13:26:00Z", "updated_at": "2024-03-02T12:26:56.424Z", "is_delivered": false, "is_paid": false}}, {"model": "app_cart.order", "pk": 2, "fields": {"client": 1, "phone": "0672339796", "address": "wef", "created_at": "2024-03-03T15:06:20.751Z", "deliver_by": "2024-03-07T16:06:00Z", "updated_at": "2024-03-03T15:06:20.752Z", "is_delivered": false, "is_paid": false}}, {"model": "app_cart.order", "pk": 3, "fields": {"client": null, "phone": "0672339747", "address": "my address", "created_at": "2024-03-10T13:43:47.102Z", "deliver_by": "2024-03-12T14:42:00Z", "updated_at": "2024-03-10T18:11:05.505Z", "is_delivered": false, "is_paid": true}}, {"model": "app_cart.order", "pk": 4, "fields": {"client": 2, "phone": "0672339855", "address": "my address", "created_at": "2024-03-10T16:19:51.001Z", "deliver_by": "2024-03-12T17:19:00Z", "updated_at": "2024-03-10T16:19:51.001Z", "is_delivered": true, "is_paid": true}}, {"model": "app_cart.order", "pk": 5, "fields": {"client": 2, "phone": "0672339799", "address": "my address2", "created_at": "2024-03-10T17:14:11.895Z", "deliver_by": "2024-03-21T18:13:00Z", "updated_at": "2024-03-10T18:11:05.561Z", "is_delivered": false, "is_paid": true}}, {"model": "app_cart.orderitem", "pk": 1, "fields": {"order": 1, "product": 11, "price": "6.78", "quantity": 1}}, {"model": "app_cart.orderitem", "pk": 2, "fields": {"order": 2, "product": 14, "price": "3.74", "quantity": 3}}, {"model": "app_cart.orderitem", "pk": 3, "fields": {"order": 2, "product": 13, "price": "3.76", "quantity": 4}}, {"model": "app_cart.orderitem", "pk": 4, "fields": {"order": 3, "product": 8, "price": "6.90", "quantity": 2}}, {"model": "app_cart.orderitem", "pk": 5, "fields": {"order": 4, "product": 11, "price": "6.78", "quantity": 1}}, {"model": "app_cart.orderitem", "pk": 6, "fields": {"order": 4, "product": 12, "price": "6.80", "quantity": 3}}, {"model": "app_cart.orderitem", "pk": 7, "fields": {"order": 4, "product": 1, "price": "7.00", "quantity": 2}}, {"model": "app_cart.orderitem", "pk": 8, "fields": {"order": 5, "product": 9, "price": "6.85", "quantity": 3}}]